Name,count
Andersson,9
Sage,7
Johnson,6
Skoog,6
Carter,6
Goodwin,6
Panula,6
Rice,5
Williams,4
Harper,4
Baclini,4
Palsson,4
Gustafsson,4
Hart,4
Asplund,4
Harris,4
Fortune,4
Brown,4
Kelly,4
Ford,4
Lefebre,4
Smith,4
Graham,3
Vander Planke,3
Davies,3
Olsen,3
Johansson,3
Elias,3
Newell,3
Laroche,3
Goldsmith,3
Taussig,3
Hoyt,3
Richards,3
Jussila,3
Van Impe,3
Flynn,3
Thayer,3
Moran,3
O'Brien,3
Boulos,3
Hansen,3
Hickman,3
Bourke,3
West,3
Jensen,3
Meyer,3
Collyer,3
Navratil,3
Allison,3
Petroff,2
White,2
Larsson,2
Becker,2
Coutts,2
Zabour,2
Mellinger,2
Braund,2
Attalah,2
Futrelle,2
Allen,2
Wick,2
Baxter,2
Webber,2
Holverson,2
Peter,2
Nicola-Yarred,2
Andrews,2
Turpin,2
Hippach,2
Murphy,2
Abbott,2
Minahan,2
Arnold-Franchi,2
McCoy,2
Hamalainen,2
Beckwith,2
Hakkarainen,2
Sandstrom,2
Hays,2
Calic,2
Backstrom,2
Lobb,2
Ali,2
Pears,2
Ryerson,2
Barbara,2
Bishop,2
Dean,2
Penasco y Castellana,2
Moubarek,2
Nakid,2
Olsson,2
Doling,2
Kantor,2
Oreskovic,2
Abelson,2
Caldwell,2
Danbom,2
Rosblom,2
Keane,2
Silvey,2
Strom,2
Hagland,2
Goldenberg,2
Morley,2
Cacic,2
Renouf,2
Stanley,2
Svensson,2
Quick,2
Daly,2
Coleff,2
Hocking,2
Crosby,2
Beane,2
Thorneycroft,2
Duff Gordon,2
Chapman,2
Herman,2
Yasbeck,2
Frauenthal,2
Carlsson,2
Jacobsohn,2
Taylor,2
Dick,2
Lam,2
Saad,2
Chambers,2
Moor,2
Johnston,2
Nasser,2
Mallet,2
Nye,1
Crease,1
Kink,1
Jenkin,1
Hood,1
Chronopoulos,1
Bing,1
Moen,1
Staneff,1
Moutal,1
Dowdell,1
Waelens,1
Sheerlinck,1
McDermott,1
Carrau,1
Ilett,1
Slocovski,1
Celotti,1
Christmann,1
Andreasson,1
Chaffee,1
Coxon,1
Shorney,1
Goldschmidt,1
Greenfield,1
Petranec,1
Mionoff,1
Salkjelsvik,1
Moss,1
Rekic,1
Porter,1
Barton,1
Pekoniemi,1
Connors,1
Moore,1
McMahon,1
Madsen,1
Ekstrom,1
Drazenoic,1
Coelho,1
Robins,1
Weisz,1
Sobey,1
Richard,1
Newsom,1
Osen,1
Giglio,1
Nysten,1
Burke,1
Andrew,1
Nicholls,1
Byles,1
Bateman,1
Meo,1
van Billiard,1
Gilnagh,1
Corn,1
Smiljanic,1
Cribb,1
Watt,1
Bengtsson,1
Chibnall,1
Baumann,1
Ling,1
Van der hoef,1
Sivola,1
Klasen,1
Isham,1
Hale,1
Leonard,1
Pernot,1
Kink-Heilmann,1
Rood,1
Romaine,1
Turcin,1
Pinsky,1
Carbines,1
Andersen-Jensen,1
Lurette,1
Mernagh,1
Madigan,1
Yrois,1
Vande Walle,1
Johanson,1
Youseff,1
Cohen,1
Albimona,1
Carr,1
Blank,1
Cameron,1
Perkin,1
Givard,1
Kiernan,1
Honkanen,1
Bazzani,1
Sunderland,1
Bracken,1
Green,1
Nenkoff,1
Berglund,1
Mellors,1
Lovell,1
Fahlstrom,1
Sjostedt,1
Leyson,1
Harknett,1
Hold,1
Pengelly,1
Hunt,1
Coleridge,1
Maenpaa,1
Lindahl,1
Reed,1
Stead,1
Touma,1
Thorne,1
Cherry,1
Ward,1
Parrish,1
Harrison,1
Henry,1
Reeves,1
Persson,1
Bissette,1
Cairns,1
Tornquist,1
Natsch,1
Healy,1
Lindblom,1
Parkes,1
Duane,1
de Pelsmaeker,1
Dorking,1
Stankovic,1
de Mulder,1
Naidenoff,1
Hosono,1
Connolly,1
Barber,1
Levy,1
Haas,1
Mineff,1
Lewy,1
Hanna,1
Saalfeld,1
Fleming,1
Francatelli,1
Lahtinen,1
Hendekovic,1
Nilsson,1
Moraweck,1
Spedden,1
Dennis,1
Danoff,1
Slayter,1
Young,1
Nysveen,1
Ball,1
Partner,1
Denkoff,1
Burns,1
Dahl,1
Blackwell,1
Collander,1
Sedgwick,1
Fox,1
Davison,1
Dimic,1
Odahl,1
Williams-Lambert,1
Yousif,1
Vanden Steen,1
Bowerman,1
Funk,1
McGovern,1
Mockler,1
del Carlo,1
Asim,1
Adahl,1
Warren,1
Moussa,1
Jermyn,1
Aubart,1
Harder,1
Wiklund,1
Beavan,1
Ringhini,1
Landergren,1
Widener,1
Betros,1
Bidois,1
Tikkanen,1
Plotcharsky,1
Buss,1
Sadlier,1
Lehmann,1
Jansson,1
McKane,1
Pain,1
Trout,1
Niskanen,1
Adams,1
Hewlett,1
Gale,1
Widegren,1
Masselmani,1
Birkeland,1
Sdycoff,1
Cunningham,1
Sundman,1
Meek,1
Drew,1
Silven,1
Matthews,1
Fynney,1
Gheorgheff,1
Charters,1
Zimmerman,1
Beesley,1
Wiseman,1
Clarke,1
Phillips,1
McGowan,1
Pickard,1
Bjornstrom-Steffansson,1
Sloper,1
Louch,1
Kallio,1
Emir,1
Kvillner,1
Hampe,1
Petterson,1
Reynaldo,1
Johannesen-Bratthammer,1
Dodge,1
Seward,1
Otter,1
Peuchen,1
Sirayanian,1
Foreman,1
Abbing,1
Peduzzi,1
Jalsevac,1
Millet,1
Kenyon,1
Toomey,1
O'Connor,1
Anderson,1
Sirota,1
Gee,1
Milling,1
Maisner,1
Goncalves,1
Campbell,1
Smart,1
Scanlan,1
Keefe,1
Dooley,1
Jerwan,1
Strandberg,1
Clifford,1
Cumings,1
Karlsson,1
Hirvonen,1
Frost,1
Rouse,1
Turkula,1
Kent,1
Somerton,1
Windelov,1
Molson,1
Artagaveytia,1
Heikkinen,1
Yousseff,1
Eustis,1
Shellard,1
McCarthy,1
Canavan,1
O'Sullivan,1
Laitinen,1
Maioni,1
O'Dwyer,1
Bradley,1
Lang,1
Todoroff,1
McGough,1
Rothschild,1
Uruchurtu,1
Walker,1
Lemore,1
Ryan,1
Angle,1
Pavlovic,1
Perreault,1
Vovk,1
Lahoud,1
Kassem,1
Farrell,1
Ridsdale,1
Farthing,1
Salonen,1
Spencer,1
Toufik,1
Butt,1
LeRoy,1
Risien,1
Frolicher,1
Glynn,1
Wheadon,1
Douglas,1
Nicholson,1
Padro y Manent,1
Mamee,1
Sharp,1
Leeni,1
Ohman,1
Wright,1
Cann,1
Robbins,1
de Messemaeker,1
Morrow,1
Sivic,1
Norman,1
Simmons,1
Meanwell,1
Stoytcheff,1
Doharr,1
Jonsson,1
Appleton,1
Rush,1
Patchett,1
Garside,1
Caram,1
Christy,1
Downton,1
Ross,1
Paulner,1
Jarvis,1
Frolicher-Stehli,1
Gilinski,1
Murdlin,1
Rintamaki,1
Stephenson,1
Elsbury,1
Ahlin,1
Leitch,1
Slabenoff,1
Harrington,1
Torber,1
Homer,1
Lindell,1
Karaic,1
Daniel,1
Shutes,1
Jardin,1
Horgan,1
Brocklebank,1
Kraeff,1
Gavey,1
Devaney,1
Kimball,1
Rogers,1
Bowen,1
Sutton,1
Kirkland,1
Longley,1
Bostandyeff,1
Lennon,1
Barkworth,1
Lundahl,1
Stahelin-Maeglin,1
Parr,1
Davis,1
Leinonen,1
O'Driscoll,1
Sagesser,1
Foo,1
Cor,1
Simonius-Blumer,1
Willey,1
Mitkoff,1
Kalvik,1
O'Leary,1
Hegarty,1
Radeff,1
Eitemiller,1
Badt,1
Colley,1
Lindqvist,1
Butler,1
Rommetvedt,1
Cook,1
Samaan,1
Davidson,1
Mitchell,1
Wilhelms,1
Watson,1
Edvardsson,1
Sawyer,1
Turja,1
Cardeza,1
Peters,1
Hassab,1
Olsvigen,1
Dakic,1
Fischer,1
Madill,1
Nosworthy,1
Karun,1
Faunthorpe,1
Ostby,1
Weir,1
Mullens,1
Humblen,1
Astor,1
Silverthorne,1
Gallagher,1
Calderhead,1
Cleaver,1
Mayne,1
Klaber,1
Greenberg,1
Soholt,1
Endres,1
Troutt,1
McEvoy,1
Gillespie,1
Hodges,1
Woolner,1
Mannion,1
Bryhl,1
Ilmakangas,1
Hassan,1
Knight,1
Berriman,1
Troupiansky,1
Lesurer,1
Ivanoff,1
Nankoff,1
Hawksford,1
Cavendish,1
McNamee,1
Stranden,1
Sinkkonen,1
Marvin,1
Connaghton,1
Wells,1
Rugg,1
Vande Velde,1
Jonkoff,1
O'Connell,1
Bailey,1
Theobald,1
Rothes,1
Garfirth,1
Nirva,1
Barah,1
Eklund,1
Hogeboom,1
Brewe,1
Mangan,1
Gronnestad,1
Lievens,1
Mack,1
Myhrman,1
Tobin,1
Emanuel,1
Kilgannon,1
Robert,1
Ayoub,1
Long,1
Novel,1
Harmer,1
Sjoblom,1
Guggenheim,1
Gaskell,1
Dantcheff,1
Icard,1
Leader,1
Osman,1
Ibrahim Shawah,1
Ponesell,1
Thomas,1
Hedman,1
Pettersson,1
Alexander,1
Lester,1
Slemen,1
Tomlin,1
Fry,1
Heininen,1
Stewart,1
Holm,1
Lulic,1
Reuchlin,1
McCormack,1
Stone,1
Augustsson,1
Allum,1
Compton,1
Pasic,1
Saundercock,1
Chip,1
Marechal,1
Alhomaki,1
Mudd,1
Serepeca,1
Lemberopolous,1
Culumovic,1
Bonnell,1
Markoff,1
Lines,1
Aks,1
Razi,1
Giles,1
Swift,1
Gill,1
Bystrom,1
Duran y More,1
Roebling,1
van Melkebeke,1
Balkic,1
Vander Cruyssen,1
Najib,1
Laleff,1
Potter,1
Shelley,1
Markun,1
Dahlberg,1
Banfield,1
Sutehall,1
Montvila,1
Behr,1
Vestrom,1
